event_ts,node_id,scope_topic,event_type,origin_writer_id,magnitude_id,prev_seq,curr_seq,lost_messages,gap_duration_ms,notes
2026-05-10T17:42:08Z,intermediate-store,air_quality_raw,FIRST_SEEN,pub-mag12,12,0,1,0,0,first sample for this flow
2026-05-10T17:42:08Z,intermediate-store,air_quality_raw,FIRST_SEEN,pub-mag01,1,0,1,0,0,first sample for this flow
2026-05-10T17:42:08Z,intermediate-store,air_quality_raw,FIRST_SEEN,pub-mag06,6,0,1,0,0,first sample for this flow
2026-05-10T17:48:52Z,intermediate-store,air_quality_raw,OUT_OF_ORDER,pub-mag01,1,2164,1,0,0,out-of-order or writer restart (seq<last)
2026-05-10T17:48:52Z,intermediate-store,air_quality_raw,OUT_OF_ORDER,pub-mag01,1,2164,2,0,0,out-of-order or writer restart (seq<last)
2026-05-10T17:48:52Z,intermediate-store,air_quality_raw,OUT_OF_ORDER,pub-mag01,1,2164,3,0,0,out-of-order or writer restart (seq<last)
2026-05-10T17:48:52Z,intermediate-store,air_quality_raw,OUT_OF_ORDER,pub-mag01,1,2164,4,0,0,out-of-order or writer restart (seq<last)
2026-05-10T17:48:53Z,intermediate-store,air_quality_raw,OUT_OF_ORDER,pub-mag01,1,2164,5,0,0,out-of-order or writer restart (seq<last)
2026-05-10T17:48:53Z,intermediate-store,air_quality_raw,OUT_OF_ORDER,pub-mag01,1,2164,6,0,0,out-of-order or writer restart (seq<last)
2026-05-10T17:48:53Z,intermediate-store,air_quality_raw,OUT_OF_ORDER,pub-mag01,1,2164,7,0,0,out-of-order or writer restart (seq<last)
2026-05-10T17:48:53Z,intermediate-store,air_quality_raw,OUT_OF_ORDER,pub-mag01,1,2164,8,0,0,out-of-order or writer restart (seq<last)
2026-05-10T17:48:53Z,intermediate-store,air_quality_raw,OUT_OF_ORDER,pub-mag01,1,2164,9,0,0,out-of-order or writer restart (seq<last)
2026-05-10T17:48:54Z,intermediate-store,air_quality_raw,OUT_OF_ORDER,pub-mag01,1,2164,10,0,0,out-of-order or writer restart (seq<last)
2026-05-10T17:48:54Z,intermediate-store,air_quality_raw,OUT_OF_ORDER,pub-mag01,1,2164,11,0,0,out-of-order or writer restart (seq<last)
2026-05-10T17:48:54Z,intermediate-store,air_quality_raw,OUT_OF_ORDER,pub-mag01,1,2164,12,0,0,out-of-order or writer restart (seq<last)
2026-05-10T17:48:54Z,intermediate-store,air_quality_raw,OUT_OF_ORDER,pub-mag01,1,2164,13,0,0,out-of-order or writer restart (seq<last)
2026-05-10T17:48:54Z,intermediate-store,air_quality_raw,OUT_OF_ORDER,pub-mag01,1,2164,14,0,0,out-of-order or writer restart (seq<last)
2026-05-10T17:48:54Z,intermediate-store,air_quality_raw,OUT_OF_ORDER,pub-mag01,1,2164,15,0,0,out-of-order or writer restart (seq<last)
2026-05-10T17:48:55Z,intermediate-store,air_quality_raw,OUT_OF_ORDER,pub-mag01,1,2164,16,0,0,out-of-order or writer restart (seq<last)
2026-05-10T17:48:55Z,intermediate-store,air_quality_raw,OUT_OF_ORDER,pub-mag01,1,2164,17,0,0,out-of-order or writer restart (seq<last)
2026-05-10T17:48:55Z,intermediate-store,air_quality_raw,OUT_OF_ORDER,pub-mag01,1,2164,18,0,0,out-of-order or writer restart (seq<last)
2026-05-10T17:48:55Z,intermediate-store,air_quality_raw,OUT_OF_ORDER,pub-mag01,1,2164,19,0,0,out-of-order or writer restart (seq<last)
2026-05-10T17:48:55Z,intermediate-store,air_quality_raw,OUT_OF_ORDER,pub-mag01,1,2164,20,0,0,out-of-order or writer restart (seq<last)
2026-05-10T17:48:55Z,intermediate-store,air_quality_raw,OUT_OF_ORDER,pub-mag01,1,2164,21,0,0,out-of-order or writer restart (seq<last)
2026-05-10T17:48:56Z,intermediate-store,air_quality_raw,OUT_OF_ORDER,pub-mag01,1,2164,22,0,0,out-of-order or writer restart (seq<last)
2026-05-10T17:48:56Z,intermediate-store,air_quality_raw,OUT_OF_ORDER,pub-mag01,1,2164,23,0,0,out-of-order or writer restart (seq<last)
2026-05-10T17:48:56Z,intermediate-store,air_quality_raw,OUT_OF_ORDER,pub-mag01,1,2164,24,0,0,out-of-order or writer restart (seq<last)
2026-05-10T17:48:56Z,intermediate-store,air_quality_raw,OUT_OF_ORDER,pub-mag01,1,2164,25,0,0,out-of-order or writer restart (seq<last)
2026-05-10T17:48:56Z,intermediate-store,air_quality_raw,OUT_OF_ORDER,pub-mag01,1,2164,26,0,0,out-of-order or writer restart (seq<last)
2026-05-10T17:48:57Z,intermediate-store,air_quality_raw,OUT_OF_ORDER,pub-mag01,1,2164,27,0,0,out-of-order or writer restart (seq<last)
2026-05-10T17:48:57Z,intermediate-store,air_quality_raw,OUT_OF_ORDER,pub-mag01,1,2164,28,0,0,out-of-order or writer restart (seq<last)
2026-05-10T17:48:57Z,intermediate-store,air_quality_raw,OUT_OF_ORDER,pub-mag01,1,2164,29,0,0,out-of-order or writer restart (seq<last)
2026-05-10T17:48:57Z,intermediate-store,air_quality_raw,OUT_OF_ORDER,pub-mag01,1,2164,30,0,0,out-of-order or writer restart (seq<last)
2026-05-10T17:48:57Z,intermediate-store,air_quality_raw,OUT_OF_ORDER,pub-mag01,1,2164,31,0,0,out-of-order or writer restart (seq<last)
2026-05-10T17:48:57Z,intermediate-store,air_quality_raw,OUT_OF_ORDER,pub-mag01,1,2164,32,0,0,out-of-order or writer restart (seq<last)
2026-05-10T17:48:58Z,intermediate-store,air_quality_raw,OUT_OF_ORDER,pub-mag01,1,2164,33,0,0,out-of-order or writer restart (seq<last)
2026-05-10T17:48:58Z,intermediate-store,air_quality_raw,OUT_OF_ORDER,pub-mag01,1,2164,34,0,0,out-of-order or writer restart (seq<last)
2026-05-10T17:48:58Z,intermediate-store,air_quality_raw,OUT_OF_ORDER,pub-mag01,1,2164,35,0,0,out-of-order or writer restart (seq<last)
2026-05-10T17:48:58Z,intermediate-store,air_quality_raw,OUT_OF_ORDER,pub-mag01,1,2164,36,0,0,out-of-order or writer restart (seq<last)
2026-05-10T17:48:58Z,intermediate-store,air_quality_raw,OUT_OF_ORDER,pub-mag01,1,2164,37,0,0,out-of-order or writer restart (seq<last)
2026-05-10T17:48:58Z,intermediate-store,air_quality_raw,OUT_OF_ORDER,pub-mag01,1,2164,38,0,0,out-of-order or writer restart (seq<last)
2026-05-10T17:48:59Z,intermediate-store,air_quality_raw,OUT_OF_ORDER,pub-mag01,1,2164,39,0,0,out-of-order or writer restart (seq<last)
2026-05-10T17:48:59Z,intermediate-store,air_quality_raw,OUT_OF_ORDER,pub-mag01,1,2164,40,0,0,out-of-order or writer restart (seq<last)
2026-05-10T17:48:59Z,intermediate-store,air_quality_raw,OUT_OF_ORDER,pub-mag01,1,2164,41,0,0,out-of-order or writer restart (seq<last)
2026-05-10T17:48:59Z,intermediate-store,air_quality_raw,OUT_OF_ORDER,pub-mag01,1,2164,42,0,0,out-of-order or writer restart (seq<last)
2026-05-10T17:48:59Z,intermediate-store,air_quality_raw,OUT_OF_ORDER,pub-mag01,1,2164,43,0,0,out-of-order or writer restart (seq<last)
2026-05-10T17:49:00Z,intermediate-store,air_quality_raw,OUT_OF_ORDER,pub-mag01,1,2164,44,0,0,out-of-order or writer restart (seq<last)
2026-05-10T17:49:00Z,intermediate-store,air_quality_raw,OUT_OF_ORDER,pub-mag01,1,2164,45,0,0,out-of-order or writer restart (seq<last)
2026-05-10T17:49:00Z,intermediate-store,air_quality_raw,OUT_OF_ORDER,pub-mag01,1,2164,46,0,0,out-of-order or writer restart (seq<last)
2026-05-10T17:49:00Z,intermediate-store,air_quality_raw,OUT_OF_ORDER,pub-mag01,1,2164,47,0,0,out-of-order or writer restart (seq<last)
2026-05-10T17:49:00Z,intermediate-store,air_quality_raw,OUT_OF_ORDER,pub-mag01,1,2164,48,0,0,out-of-order or writer restart (seq<last)
2026-05-10T17:49:00Z,intermediate-store,air_quality_raw,OUT_OF_ORDER,pub-mag01,1,2164,49,0,0,out-of-order or writer restart (seq<last)
2026-05-10T17:49:01Z,intermediate-store,air_quality_raw,OUT_OF_ORDER,pub-mag01,1,2164,50,0,0,out-of-order or writer restart (seq<last)
2026-05-10T17:49:01Z,intermediate-store,air_quality_raw,OUT_OF_ORDER,pub-mag01,1,2164,51,0,0,out-of-order or writer restart (seq<last)
2026-05-10T17:49:01Z,intermediate-store,air_quality_raw,OUT_OF_ORDER,pub-mag01,1,2164,52,0,0,out-of-order or writer restart (seq<last)
2026-05-10T17:49:01Z,intermediate-store,air_quality_raw,OUT_OF_ORDER,pub-mag01,1,2164,53,0,0,out-of-order or writer restart (seq<last)
2026-05-10T17:49:01Z,intermediate-store,air_quality_raw,OUT_OF_ORDER,pub-mag01,1,2164,54,0,0,out-of-order or writer restart (seq<last)
2026-05-10T17:49:01Z,intermediate-store,air_quality_raw,OUT_OF_ORDER,pub-mag01,1,2164,55,0,0,out-of-order or writer restart (seq<last)
2026-05-10T17:49:02Z,intermediate-store,air_quality_raw,OUT_OF_ORDER,pub-mag01,1,2164,56,0,0,out-of-order or writer restart (seq<last)
2026-05-10T17:49:02Z,intermediate-store,air_quality_raw,OUT_OF_ORDER,pub-mag01,1,2164,57,0,0,out-of-order or writer restart (seq<last)
2026-05-10T17:49:02Z,intermediate-store,air_quality_raw,OUT_OF_ORDER,pub-mag01,1,2164,58,0,0,out-of-order or writer restart (seq<last)
2026-05-10T17:49:02Z,intermediate-store,air_quality_raw,OUT_OF_ORDER,pub-mag01,1,2164,59,0,0,out-of-order or writer restart (seq<last)
2026-05-10T17:49:02Z,intermediate-store,air_quality_raw,OUT_OF_ORDER,pub-mag01,1,2164,60,0,0,out-of-order or writer restart (seq<last)
2026-05-10T17:49:03Z,intermediate-store,air_quality_raw,OUT_OF_ORDER,pub-mag01,1,2164,61,0,0,out-of-order or writer restart (seq<last)
2026-05-10T17:49:03Z,intermediate-store,air_quality_raw,OUT_OF_ORDER,pub-mag01,1,2164,62,0,0,out-of-order or writer restart (seq<last)
2026-05-10T17:49:03Z,intermediate-store,air_quality_raw,OUT_OF_ORDER,pub-mag01,1,2164,63,0,0,out-of-order or writer restart (seq<last)
2026-05-10T17:49:03Z,intermediate-store,air_quality_raw,OUT_OF_ORDER,pub-mag01,1,2164,64,0,0,out-of-order or writer restart (seq<last)
2026-05-10T17:49:03Z,intermediate-store,air_quality_raw,OUT_OF_ORDER,pub-mag01,1,2164,65,0,0,out-of-order or writer restart (seq<last)
2026-05-10T17:49:03Z,intermediate-store,air_quality_raw,OUT_OF_ORDER,pub-mag01,1,2164,66,0,0,out-of-order or writer restart (seq<last)
2026-05-10T17:49:04Z,intermediate-store,air_quality_raw,OUT_OF_ORDER,pub-mag01,1,2164,67,0,0,out-of-order or writer restart (seq<last)
2026-05-10T17:49:04Z,intermediate-store,air_quality_raw,OUT_OF_ORDER,pub-mag01,1,2164,68,0,0,out-of-order or writer restart (seq<last)
2026-05-10T17:49:04Z,intermediate-store,air_quality_raw,OUT_OF_ORDER,pub-mag01,1,2164,69,0,0,out-of-order or writer restart (seq<last)
2026-05-10T17:49:04Z,intermediate-store,air_quality_raw,OUT_OF_ORDER,pub-mag01,1,2164,70,0,0,out-of-order or writer restart (seq<last)
2026-05-10T17:49:04Z,intermediate-store,air_quality_raw,OUT_OF_ORDER,pub-mag01,1,2164,71,0,0,out-of-order or writer restart (seq<last)
2026-05-10T17:49:04Z,intermediate-store,air_quality_raw,OUT_OF_ORDER,pub-mag01,1,2164,72,0,0,out-of-order or writer restart (seq<last)
2026-05-10T17:49:05Z,intermediate-store,air_quality_raw,OUT_OF_ORDER,pub-mag01,1,2164,73,0,0,out-of-order or writer restart (seq<last)
2026-05-10T17:49:05Z,intermediate-store,air_quality_raw,OUT_OF_ORDER,pub-mag01,1,2164,74,0,0,out-of-order or writer restart (seq<last)
2026-05-10T17:49:05Z,intermediate-store,air_quality_raw,OUT_OF_ORDER,pub-mag01,1,2164,75,0,0,out-of-order or writer restart (seq<last)
2026-05-10T17:49:05Z,intermediate-store,air_quality_raw,OUT_OF_ORDER,pub-mag01,1,2164,76,0,0,out-of-order or writer restart (seq<last)
2026-05-10T17:49:05Z,intermediate-store,air_quality_raw,OUT_OF_ORDER,pub-mag01,1,2164,77,0,0,out-of-order or writer restart (seq<last)
2026-05-10T17:49:06Z,intermediate-store,air_quality_raw,OUT_OF_ORDER,pub-mag01,1,2164,78,0,0,out-of-order or writer restart (seq<last)
2026-05-10T17:49:06Z,intermediate-store,air_quality_raw,OUT_OF_ORDER,pub-mag01,1,2164,79,0,0,out-of-order or writer restart (seq<last)
2026-05-10T17:49:06Z,intermediate-store,air_quality_raw,OUT_OF_ORDER,pub-mag01,1,2164,80,0,0,out-of-order or writer restart (seq<last)
2026-05-10T17:49:06Z,intermediate-store,air_quality_raw,OUT_OF_ORDER,pub-mag01,1,2164,81,0,0,out-of-order or writer restart (seq<last)
2026-05-10T17:49:06Z,intermediate-store,air_quality_raw,OUT_OF_ORDER,pub-mag01,1,2164,82,0,0,out-of-order or writer restart (seq<last)
2026-05-10T17:49:06Z,intermediate-store,air_quality_raw,OUT_OF_ORDER,pub-mag01,1,2164,83,0,0,out-of-order or writer restart (seq<last)
2026-05-10T17:49:07Z,intermediate-store,air_quality_raw,OUT_OF_ORDER,pub-mag01,1,2164,84,0,0,out-of-order or writer restart (seq<last)
2026-05-10T17:49:07Z,intermediate-store,air_quality_raw,OUT_OF_ORDER,pub-mag01,1,2164,85,0,0,out-of-order or writer restart (seq<last)
2026-05-10T17:49:07Z,intermediate-store,air_quality_raw,OUT_OF_ORDER,pub-mag01,1,2164,86,0,0,out-of-order or writer restart (seq<last)
2026-05-10T17:49:07Z,intermediate-store,air_quality_raw,OUT_OF_ORDER,pub-mag01,1,2164,87,0,0,out-of-order or writer restart (seq<last)
2026-05-10T17:49:07Z,intermediate-store,air_quality_raw,OUT_OF_ORDER,pub-mag01,1,2164,88,0,0,out-of-order or writer restart (seq<last)
2026-05-10T17:49:07Z,intermediate-store,air_quality_raw,OUT_OF_ORDER,pub-mag01,1,2164,89,0,0,out-of-order or writer restart (seq<last)
2026-05-10T17:49:08Z,intermediate-store,air_quality_raw,OUT_OF_ORDER,pub-mag01,1,2164,90,0,0,out-of-order or writer restart (seq<last)
2026-05-10T17:49:08Z,intermediate-store,air_quality_raw,OUT_OF_ORDER,pub-mag01,1,2164,91,0,0,out-of-order or writer restart (seq<last)
2026-05-10T17:49:08Z,intermediate-store,air_quality_raw,OUT_OF_ORDER,pub-mag01,1,2164,92,0,0,out-of-order or writer restart (seq<last)
2026-05-10T17:49:08Z,intermediate-store,air_quality_raw,OUT_OF_ORDER,pub-mag01,1,2164,93,0,0,out-of-order or writer restart (seq<last)
2026-05-10T17:49:08Z,intermediate-store,air_quality_raw,OUT_OF_ORDER,pub-mag01,1,2164,94,0,0,out-of-order or writer restart (seq<last)
2026-05-10T17:49:09Z,intermediate-store,air_quality_raw,OUT_OF_ORDER,pub-mag01,1,2164,95,0,0,out-of-order or writer restart (seq<last)
2026-05-10T17:49:09Z,intermediate-store,air_quality_raw,OUT_OF_ORDER,pub-mag01,1,2164,96,0,0,out-of-order or writer restart (seq<last)
2026-05-10T17:49:09Z,intermediate-store,air_quality_raw,OUT_OF_ORDER,pub-mag01,1,2164,97,0,0,out-of-order or writer restart (seq<last)
2026-05-10T17:49:09Z,intermediate-store,air_quality_raw,OUT_OF_ORDER,pub-mag01,1,2164,98,0,0,out-of-order or writer restart (seq<last)
2026-05-10T17:49:09Z,intermediate-store,air_quality_raw,OUT_OF_ORDER,pub-mag01,1,2164,99,0,0,out-of-order or writer restart (seq<last)
2026-05-10T17:49:09Z,intermediate-store,air_quality_raw,OUT_OF_ORDER,pub-mag01,1,2164,100,0,0,out-of-order or writer restart (seq<last)
2026-05-10T17:49:10Z,intermediate-store,air_quality_raw,OUT_OF_ORDER,pub-mag01,1,2164,101,0,0,out-of-order or writer restart (seq<last)
2026-05-10T17:49:10Z,intermediate-store,air_quality_raw,OUT_OF_ORDER,pub-mag01,1,2164,102,0,0,out-of-order or writer restart (seq<last)
2026-05-10T17:49:10Z,intermediate-store,air_quality_raw,OUT_OF_ORDER,pub-mag01,1,2164,103,0,0,out-of-order or writer restart (seq<last)
2026-05-10T17:49:10Z,intermediate-store,air_quality_raw,OUT_OF_ORDER,pub-mag01,1,2164,104,0,0,out-of-order or writer restart (seq<last)
2026-05-10T17:49:10Z,intermediate-store,air_quality_raw,OUT_OF_ORDER,pub-mag01,1,2164,105,0,0,out-of-order or writer restart (seq<last)
2026-05-10T17:49:10Z,intermediate-store,air_quality_raw,OUT_OF_ORDER,pub-mag01,1,2164,106,0,0,out-of-order or writer restart (seq<last)
2026-05-10T17:49:11Z,intermediate-store,air_quality_raw,OUT_OF_ORDER,pub-mag01,1,2164,107,0,0,out-of-order or writer restart (seq<last)
2026-05-10T17:49:11Z,intermediate-store,air_quality_raw,OUT_OF_ORDER,pub-mag01,1,2164,108,0,0,out-of-order or writer restart (seq<last)
2026-05-10T17:49:11Z,intermediate-store,air_quality_raw,OUT_OF_ORDER,pub-mag01,1,2164,109,0,0,out-of-order or writer restart (seq<last)
2026-05-10T17:49:11Z,intermediate-store,air_quality_raw,OUT_OF_ORDER,pub-mag01,1,2164,110,0,0,out-of-order or writer restart (seq<last)
2026-05-10T17:49:11Z,intermediate-store,air_quality_raw,OUT_OF_ORDER,pub-mag01,1,2164,111,0,0,out-of-order or writer restart (seq<last)
2026-05-10T17:49:12Z,intermediate-store,air_quality_raw,OUT_OF_ORDER,pub-mag01,1,2164,112,0,0,out-of-order or writer restart (seq<last)
2026-05-10T17:49:12Z,intermediate-store,air_quality_raw,OUT_OF_ORDER,pub-mag01,1,2164,113,0,0,out-of-order or writer restart (seq<last)
2026-05-10T17:49:12Z,intermediate-store,air_quality_raw,OUT_OF_ORDER,pub-mag01,1,2164,114,0,0,out-of-order or writer restart (seq<last)
2026-05-10T17:49:12Z,intermediate-store,air_quality_raw,OUT_OF_ORDER,pub-mag01,1,2164,115,0,0,out-of-order or writer restart (seq<last)
2026-05-10T17:49:12Z,intermediate-store,air_quality_raw,OUT_OF_ORDER,pub-mag01,1,2164,116,0,0,out-of-order or writer restart (seq<last)
2026-05-10T17:49:12Z,intermediate-store,air_quality_raw,OUT_OF_ORDER,pub-mag01,1,2164,117,0,0,out-of-order or writer restart (seq<last)
2026-05-10T17:49:13Z,intermediate-store,air_quality_raw,OUT_OF_ORDER,pub-mag01,1,2164,118,0,0,out-of-order or writer restart (seq<last)
2026-05-10T17:49:13Z,intermediate-store,air_quality_raw,OUT_OF_ORDER,pub-mag01,1,2164,119,0,0,out-of-order or writer restart (seq<last)
2026-05-10T17:49:13Z,intermediate-store,air_quality_raw,OUT_OF_ORDER,pub-mag01,1,2164,120,0,0,out-of-order or writer restart (seq<last)
2026-05-10T17:49:13Z,intermediate-store,air_quality_raw,OUT_OF_ORDER,pub-mag01,1,2164,121,0,0,out-of-order or writer restart (seq<last)
2026-05-10T17:49:13Z,intermediate-store,air_quality_raw,OUT_OF_ORDER,pub-mag01,1,2164,122,0,0,out-of-order or writer restart (seq<last)
2026-05-10T17:49:13Z,intermediate-store,air_quality_raw,OUT_OF_ORDER,pub-mag01,1,2164,123,0,0,out-of-order or writer restart (seq<last)
2026-05-10T17:49:14Z,intermediate-store,air_quality_raw,OUT_OF_ORDER,pub-mag01,1,2164,124,0,0,out-of-order or writer restart (seq<last)
2026-05-10T17:49:14Z,intermediate-store,air_quality_raw,OUT_OF_ORDER,pub-mag01,1,2164,125,0,0,out-of-order or writer restart (seq<last)
2026-05-10T17:49:14Z,intermediate-store,air_quality_raw,OUT_OF_ORDER,pub-mag01,1,2164,126,0,0,out-of-order or writer restart (seq<last)
2026-05-10T17:49:14Z,intermediate-store,air_quality_raw,OUT_OF_ORDER,pub-mag01,1,2164,127,0,0,out-of-order or writer restart (seq<last)
2026-05-10T17:49:14Z,intermediate-store,air_quality_raw,OUT_OF_ORDER,pub-mag01,1,2164,128,0,0,out-of-order or writer restart (seq<last)
2026-05-10T17:49:15Z,intermediate-store,air_quality_raw,OUT_OF_ORDER,pub-mag01,1,2164,129,0,0,out-of-order or writer restart (seq<last)
2026-05-10T17:49:15Z,intermediate-store,air_quality_raw,OUT_OF_ORDER,pub-mag01,1,2164,130,0,0,out-of-order or writer restart (seq<last)
2026-05-10T17:49:15Z,intermediate-store,air_quality_raw,OUT_OF_ORDER,pub-mag01,1,2164,131,0,0,out-of-order or writer restart (seq<last)
2026-05-10T17:49:15Z,intermediate-store,air_quality_raw,OUT_OF_ORDER,pub-mag01,1,2164,132,0,0,out-of-order or writer restart (seq<last)
2026-05-10T17:49:15Z,intermediate-store,air_quality_raw,OUT_OF_ORDER,pub-mag01,1,2164,133,0,0,out-of-order or writer restart (seq<last)
2026-05-10T17:49:15Z,intermediate-store,air_quality_raw,OUT_OF_ORDER,pub-mag01,1,2164,134,0,0,out-of-order or writer restart (seq<last)
2026-05-10T17:49:16Z,intermediate-store,air_quality_raw,OUT_OF_ORDER,pub-mag01,1,2164,135,0,0,out-of-order or writer restart (seq<last)
2026-05-10T17:49:16Z,intermediate-store,air_quality_raw,OUT_OF_ORDER,pub-mag01,1,2164,136,0,0,out-of-order or writer restart (seq<last)
2026-05-10T17:49:16Z,intermediate-store,air_quality_raw,OUT_OF_ORDER,pub-mag01,1,2164,137,0,0,out-of-order or writer restart (seq<last)
2026-05-10T17:49:16Z,intermediate-store,air_quality_raw,OUT_OF_ORDER,pub-mag01,1,2164,138,0,0,out-of-order or writer restart (seq<last)
2026-05-10T17:49:16Z,intermediate-store,air_quality_raw,OUT_OF_ORDER,pub-mag01,1,2164,139,0,0,out-of-order or writer restart (seq<last)
2026-05-10T17:49:16Z,intermediate-store,air_quality_raw,OUT_OF_ORDER,pub-mag01,1,2164,140,0,0,out-of-order or writer restart (seq<last)
2026-05-10T17:49:17Z,intermediate-store,air_quality_raw,OUT_OF_ORDER,pub-mag01,1,2164,141,0,0,out-of-order or writer restart (seq<last)
2026-05-10T17:49:17Z,intermediate-store,air_quality_raw,OUT_OF_ORDER,pub-mag01,1,2164,142,0,0,out-of-order or writer restart (seq<last)
2026-05-10T17:49:17Z,intermediate-store,air_quality_raw,OUT_OF_ORDER,pub-mag01,1,2164,143,0,0,out-of-order or writer restart (seq<last)
2026-05-10T17:49:17Z,intermediate-store,air_quality_raw,OUT_OF_ORDER,pub-mag01,1,2164,144,0,0,out-of-order or writer restart (seq<last)
2026-05-10T17:49:17Z,intermediate-store,air_quality_raw,OUT_OF_ORDER,pub-mag01,1,2164,145,0,0,out-of-order or writer restart (seq<last)
2026-05-10T17:49:18Z,intermediate-store,air_quality_raw,OUT_OF_ORDER,pub-mag01,1,2164,146,0,0,out-of-order or writer restart (seq<last)
2026-05-10T17:49:18Z,intermediate-store,air_quality_raw,OUT_OF_ORDER,pub-mag01,1,2164,147,0,0,out-of-order or writer restart (seq<last)
2026-05-10T17:49:18Z,intermediate-store,air_quality_raw,OUT_OF_ORDER,pub-mag01,1,2164,148,0,0,out-of-order or writer restart (seq<last)
2026-05-10T17:49:18Z,intermediate-store,air_quality_raw,OUT_OF_ORDER,pub-mag01,1,2164,149,0,0,out-of-order or writer restart (seq<last)
2026-05-10T17:49:18Z,intermediate-store,air_quality_raw,OUT_OF_ORDER,pub-mag01,1,2164,150,0,0,out-of-order or writer restart (seq<last)
2026-05-10T17:49:18Z,intermediate-store,air_quality_raw,OUT_OF_ORDER,pub-mag01,1,2164,151,0,0,out-of-order or writer restart (seq<last)
2026-05-10T17:49:19Z,intermediate-store,air_quality_raw,OUT_OF_ORDER,pub-mag01,1,2164,152,0,0,out-of-order or writer restart (seq<last)
2026-05-10T17:49:19Z,intermediate-store,air_quality_raw,OUT_OF_ORDER,pub-mag01,1,2164,153,0,0,out-of-order or writer restart (seq<last)
2026-05-10T17:49:19Z,intermediate-store,air_quality_raw,OUT_OF_ORDER,pub-mag01,1,2164,154,0,0,out-of-order or writer restart (seq<last)
2026-05-10T17:49:19Z,intermediate-store,air_quality_raw,OUT_OF_ORDER,pub-mag01,1,2164,155,0,0,out-of-order or writer restart (seq<last)
2026-05-10T17:49:19Z,intermediate-store,air_quality_raw,OUT_OF_ORDER,pub-mag01,1,2164,156,0,0,out-of-order or writer restart (seq<last)
2026-05-10T17:49:19Z,intermediate-store,air_quality_raw,OUT_OF_ORDER,pub-mag01,1,2164,157,0,0,out-of-order or writer restart (seq<last)
2026-05-10T17:49:20Z,intermediate-store,air_quality_raw,OUT_OF_ORDER,pub-mag01,1,2164,158,0,0,out-of-order or writer restart (seq<last)
2026-05-10T17:49:20Z,intermediate-store,air_quality_raw,OUT_OF_ORDER,pub-mag01,1,2164,159,0,0,out-of-order or writer restart (seq<last)
2026-05-10T17:49:20Z,intermediate-store,air_quality_raw,OUT_OF_ORDER,pub-mag01,1,2164,160,0,0,out-of-order or writer restart (seq<last)
2026-05-10T17:49:20Z,intermediate-store,air_quality_raw,OUT_OF_ORDER,pub-mag01,1,2164,161,0,0,out-of-order or writer restart (seq<last)
2026-05-10T17:49:20Z,intermediate-store,air_quality_raw,OUT_OF_ORDER,pub-mag01,1,2164,162,0,0,out-of-order or writer restart (seq<last)
2026-05-10T17:49:21Z,intermediate-store,air_quality_raw,OUT_OF_ORDER,pub-mag01,1,2164,163,0,0,out-of-order or writer restart (seq<last)
2026-05-10T17:49:21Z,intermediate-store,air_quality_raw,OUT_OF_ORDER,pub-mag01,1,2164,164,0,0,out-of-order or writer restart (seq<last)
2026-05-10T17:49:21Z,intermediate-store,air_quality_raw,OUT_OF_ORDER,pub-mag01,1,2164,165,0,0,out-of-order or writer restart (seq<last)
2026-05-10T17:49:21Z,intermediate-store,air_quality_raw,OUT_OF_ORDER,pub-mag01,1,2164,166,0,0,out-of-order or writer restart (seq<last)
2026-05-10T17:49:21Z,intermediate-store,air_quality_raw,OUT_OF_ORDER,pub-mag01,1,2164,167,0,0,out-of-order or writer restart (seq<last)
2026-05-10T17:49:21Z,intermediate-store,air_quality_raw,OUT_OF_ORDER,pub-mag01,1,2164,168,0,0,out-of-order or writer restart (seq<last)
2026-05-10T17:49:22Z,intermediate-store,air_quality_raw,OUT_OF_ORDER,pub-mag01,1,2164,169,0,0,out-of-order or writer restart (seq<last)
2026-05-10T17:49:22Z,intermediate-store,air_quality_raw,OUT_OF_ORDER,pub-mag01,1,2164,170,0,0,out-of-order or writer restart (seq<last)
2026-05-10T17:49:22Z,intermediate-store,air_quality_raw,OUT_OF_ORDER,pub-mag01,1,2164,171,0,0,out-of-order or writer restart (seq<last)
2026-05-10T17:49:22Z,intermediate-store,air_quality_raw,OUT_OF_ORDER,pub-mag01,1,2164,172,0,0,out-of-order or writer restart (seq<last)
2026-05-10T17:49:22Z,intermediate-store,air_quality_raw,OUT_OF_ORDER,pub-mag01,1,2164,173,0,0,out-of-order or writer restart (seq<last)
2026-05-10T17:49:22Z,intermediate-store,air_quality_raw,OUT_OF_ORDER,pub-mag01,1,2164,174,0,0,out-of-order or writer restart (seq<last)
2026-05-10T17:49:23Z,intermediate-store,air_quality_raw,OUT_OF_ORDER,pub-mag01,1,2164,175,0,0,out-of-order or writer restart (seq<last)
2026-05-10T17:49:23Z,intermediate-store,air_quality_raw,OUT_OF_ORDER,pub-mag01,1,2164,176,0,0,out-of-order or writer restart (seq<last)
2026-05-10T17:49:23Z,intermediate-store,air_quality_raw,OUT_OF_ORDER,pub-mag01,1,2164,177,0,0,out-of-order or writer restart (seq<last)
2026-05-10T17:49:23Z,intermediate-store,air_quality_raw,OUT_OF_ORDER,pub-mag01,1,2164,178,0,0,out-of-order or writer restart (seq<last)
2026-05-10T17:49:23Z,intermediate-store,air_quality_raw,OUT_OF_ORDER,pub-mag01,1,2164,179,0,0,out-of-order or writer restart (seq<last)
2026-05-10T17:49:24Z,intermediate-store,air_quality_raw,OUT_OF_ORDER,pub-mag01,1,2164,180,0,0,out-of-order or writer restart (seq<last)
2026-05-10T17:49:24Z,intermediate-store,air_quality_raw,OUT_OF_ORDER,pub-mag01,1,2164,181,0,0,out-of-order or writer restart (seq<last)
2026-05-10T17:49:24Z,intermediate-store,air_quality_raw,OUT_OF_ORDER,pub-mag01,1,2164,182,0,0,out-of-order or writer restart (seq<last)
2026-05-10T17:49:24Z,intermediate-store,air_quality_raw,OUT_OF_ORDER,pub-mag01,1,2164,183,0,0,out-of-order or writer restart (seq<last)
2026-05-10T17:49:24Z,intermediate-store,air_quality_raw,OUT_OF_ORDER,pub-mag01,1,2164,184,0,0,out-of-order or writer restart (seq<last)
2026-05-10T17:49:24Z,intermediate-store,air_quality_raw,OUT_OF_ORDER,pub-mag01,1,2164,185,0,0,out-of-order or writer restart (seq<last)
2026-05-10T17:49:25Z,intermediate-store,air_quality_raw,OUT_OF_ORDER,pub-mag01,1,2164,186,0,0,out-of-order or writer restart (seq<last)
2026-05-10T17:49:25Z,intermediate-store,air_quality_raw,OUT_OF_ORDER,pub-mag01,1,2164,187,0,0,out-of-order or writer restart (seq<last)
2026-05-10T17:49:25Z,intermediate-store,air_quality_raw,OUT_OF_ORDER,pub-mag01,1,2164,188,0,0,out-of-order or writer restart (seq<last)
2026-05-10T17:49:25Z,intermediate-store,air_quality_raw,OUT_OF_ORDER,pub-mag01,1,2164,189,0,0,out-of-order or writer restart (seq<last)
2026-05-10T17:49:25Z,intermediate-store,air_quality_raw,OUT_OF_ORDER,pub-mag01,1,2164,190,0,0,out-of-order or writer restart (seq<last)
2026-05-10T17:49:25Z,intermediate-store,air_quality_raw,OUT_OF_ORDER,pub-mag01,1,2164,191,0,0,out-of-order or writer restart (seq<last)
2026-05-10T17:49:26Z,intermediate-store,air_quality_raw,OUT_OF_ORDER,pub-mag01,1,2164,192,0,0,out-of-order or writer restart (seq<last)
2026-05-10T17:49:26Z,intermediate-store,air_quality_raw,OUT_OF_ORDER,pub-mag01,1,2164,193,0,0,out-of-order or writer restart (seq<last)
2026-05-10T17:49:26Z,intermediate-store,air_quality_raw,OUT_OF_ORDER,pub-mag01,1,2164,194,0,0,out-of-order or writer restart (seq<last)
2026-05-10T17:49:26Z,intermediate-store,air_quality_raw,OUT_OF_ORDER,pub-mag01,1,2164,195,0,0,out-of-order or writer restart (seq<last)
2026-05-10T17:49:26Z,intermediate-store,air_quality_raw,OUT_OF_ORDER,pub-mag01,1,2164,196,0,0,out-of-order or writer restart (seq<last)
2026-05-10T17:49:26Z,intermediate-store,air_quality_raw,OUT_OF_ORDER,pub-mag01,1,2164,197,0,0,out-of-order or writer restart (seq<last)
2026-05-10T17:49:27Z,intermediate-store,air_quality_raw,OUT_OF_ORDER,pub-mag01,1,2164,198,0,0,out-of-order or writer restart (seq<last)
2026-05-10T17:49:27Z,intermediate-store,air_quality_raw,OUT_OF_ORDER,pub-mag01,1,2164,199,0,0,out-of-order or writer restart (seq<last)
2026-05-10T17:49:27Z,intermediate-store,air_quality_raw,OUT_OF_ORDER,pub-mag01,1,2164,200,0,0,out-of-order or writer restart (seq<last)
2026-05-10T17:49:27Z,intermediate-store,air_quality_raw,OUT_OF_ORDER,pub-mag01,1,2164,201,0,0,out-of-order or writer restart (seq<last)
2026-05-10T17:49:27Z,intermediate-store,air_quality_raw,OUT_OF_ORDER,pub-mag01,1,2164,202,0,0,out-of-order or writer restart (seq<last)
2026-05-10T17:49:28Z,intermediate-store,air_quality_raw,OUT_OF_ORDER,pub-mag01,1,2164,203,0,0,out-of-order or writer restart (seq<last)
2026-05-10T17:49:28Z,intermediate-store,air_quality_raw,OUT_OF_ORDER,pub-mag01,1,2164,204,0,0,out-of-order or writer restart (seq<last)
2026-05-10T17:49:28Z,intermediate-store,air_quality_raw,OUT_OF_ORDER,pub-mag01,1,2164,205,0,0,out-of-order or writer restart (seq<last)
2026-05-10T17:49:28Z,intermediate-store,air_quality_raw,OUT_OF_ORDER,pub-mag01,1,2164,206,0,0,out-of-order or writer restart (seq<last)
2026-05-10T17:49:28Z,intermediate-store,air_quality_raw,OUT_OF_ORDER,pub-mag01,1,2164,207,0,0,out-of-order or writer restart (seq<last)
2026-05-10T17:49:28Z,intermediate-store,air_quality_raw,OUT_OF_ORDER,pub-mag01,1,2164,208,0,0,out-of-order or writer restart (seq<last)
2026-05-10T17:49:29Z,intermediate-store,air_quality_raw,OUT_OF_ORDER,pub-mag01,1,2164,209,0,0,out-of-order or writer restart (seq<last)
2026-05-10T17:49:29Z,intermediate-store,air_quality_raw,OUT_OF_ORDER,pub-mag01,1,2164,210,0,0,out-of-order or writer restart (seq<last)
2026-05-10T17:49:29Z,intermediate-store,air_quality_raw,OUT_OF_ORDER,pub-mag01,1,2164,211,0,0,out-of-order or writer restart (seq<last)
2026-05-10T17:49:29Z,intermediate-store,air_quality_raw,OUT_OF_ORDER,pub-mag01,1,2164,212,0,0,out-of-order or writer restart (seq<last)
2026-05-10T17:49:29Z,intermediate-store,air_quality_raw,OUT_OF_ORDER,pub-mag01,1,2164,213,0,0,out-of-order or writer restart (seq<last)
2026-05-10T17:49:29Z,intermediate-store,air_quality_raw,OUT_OF_ORDER,pub-mag01,1,2164,214,0,0,out-of-order or writer restart (seq<last)
2026-05-10T17:49:30Z,intermediate-store,air_quality_raw,OUT_OF_ORDER,pub-mag01,1,2164,215,0,0,out-of-order or writer restart (seq<last)
2026-05-10T17:49:30Z,intermediate-store,air_quality_raw,OUT_OF_ORDER,pub-mag01,1,2164,216,0,0,out-of-order or writer restart (seq<last)
2026-05-10T17:49:30Z,intermediate-store,air_quality_raw,OUT_OF_ORDER,pub-mag01,1,2164,217,0,0,out-of-order or writer restart (seq<last)
2026-05-10T17:49:30Z,intermediate-store,air_quality_raw,OUT_OF_ORDER,pub-mag01,1,2164,218,0,0,out-of-order or writer restart (seq<last)
2026-05-10T17:49:30Z,intermediate-store,air_quality_raw,OUT_OF_ORDER,pub-mag01,1,2164,219,0,0,out-of-order or writer restart (seq<last)
2026-05-10T17:49:31Z,intermediate-store,air_quality_raw,OUT_OF_ORDER,pub-mag01,1,2164,220,0,0,out-of-order or writer restart (seq<last)
2026-05-10T17:49:31Z,intermediate-store,air_quality_raw,OUT_OF_ORDER,pub-mag01,1,2164,221,0,0,out-of-order or writer restart (seq<last)
2026-05-10T17:49:31Z,intermediate-store,air_quality_raw,OUT_OF_ORDER,pub-mag01,1,2164,222,0,0,out-of-order or writer restart (seq<last)
2026-05-10T17:49:31Z,intermediate-store,air_quality_raw,OUT_OF_ORDER,pub-mag01,1,2164,223,0,0,out-of-order or writer restart (seq<last)
2026-05-10T17:49:31Z,intermediate-store,air_quality_raw,OUT_OF_ORDER,pub-mag01,1,2164,224,0,0,out-of-order or writer restart (seq<last)
2026-05-10T17:49:31Z,intermediate-store,air_quality_raw,OUT_OF_ORDER,pub-mag01,1,2164,225,0,0,out-of-order or writer restart (seq<last)
2026-05-10T17:49:32Z,intermediate-store,air_quality_raw,OUT_OF_ORDER,pub-mag01,1,2164,226,0,0,out-of-order or writer restart (seq<last)
2026-05-10T17:49:32Z,intermediate-store,air_quality_raw,OUT_OF_ORDER,pub-mag01,1,2164,227,0,0,out-of-order or writer restart (seq<last)
2026-05-10T17:49:32Z,intermediate-store,air_quality_raw,OUT_OF_ORDER,pub-mag01,1,2164,228,0,0,out-of-order or writer restart (seq<last)
2026-05-10T17:49:32Z,intermediate-store,air_quality_raw,OUT_OF_ORDER,pub-mag01,1,2164,229,0,0,out-of-order or writer restart (seq<last)
2026-05-10T17:49:32Z,intermediate-store,air_quality_raw,OUT_OF_ORDER,pub-mag01,1,2164,230,0,0,out-of-order or writer restart (seq<last)
2026-05-10T17:49:32Z,intermediate-store,air_quality_raw,OUT_OF_ORDER,pub-mag01,1,2164,231,0,0,out-of-order or writer restart (seq<last)
2026-05-10T17:49:33Z,intermediate-store,air_quality_raw,OUT_OF_ORDER,pub-mag01,1,2164,232,0,0,out-of-order or writer restart (seq<last)
2026-05-10T17:49:33Z,intermediate-store,air_quality_raw,OUT_OF_ORDER,pub-mag01,1,2164,233,0,0,out-of-order or writer restart (seq<last)
2026-05-10T17:49:33Z,intermediate-store,air_quality_raw,OUT_OF_ORDER,pub-mag01,1,2164,234,0,0,out-of-order or writer restart (seq<last)
2026-05-10T17:49:33Z,intermediate-store,air_quality_raw,OUT_OF_ORDER,pub-mag01,1,2164,235,0,0,out-of-order or writer restart (seq<last)
2026-05-10T17:49:33Z,intermediate-store,air_quality_raw,OUT_OF_ORDER,pub-mag01,1,2164,236,0,0,out-of-order or writer restart (seq<last)
2026-05-10T17:49:33Z,intermediate-store,air_quality_raw,OUT_OF_ORDER,pub-mag01,1,2164,237,0,0,out-of-order or writer restart (seq<last)
2026-05-10T17:49:34Z,intermediate-store,air_quality_raw,OUT_OF_ORDER,pub-mag01,1,2164,238,0,0,out-of-order or writer restart (seq<last)
2026-05-10T17:49:34Z,intermediate-store,air_quality_raw,OUT_OF_ORDER,pub-mag01,1,2164,239,0,0,out-of-order or writer restart (seq<last)
2026-05-10T17:49:34Z,intermediate-store,air_quality_raw,OUT_OF_ORDER,pub-mag01,1,2164,240,0,0,out-of-order or writer restart (seq<last)
2026-05-10T17:49:34Z,intermediate-store,air_quality_raw,OUT_OF_ORDER,pub-mag01,1,2164,241,0,0,out-of-order or writer restart (seq<last)
2026-05-10T17:49:34Z,intermediate-store,air_quality_raw,OUT_OF_ORDER,pub-mag01,1,2164,242,0,0,out-of-order or writer restart (seq<last)
2026-05-10T17:49:35Z,intermediate-store,air_quality_raw,OUT_OF_ORDER,pub-mag01,1,2164,243,0,0,out-of-order or writer restart (seq<last)
2026-05-10T17:49:35Z,intermediate-store,air_quality_raw,OUT_OF_ORDER,pub-mag01,1,2164,244,0,0,out-of-order or writer restart (seq<last)
2026-05-10T17:49:35Z,intermediate-store,air_quality_raw,OUT_OF_ORDER,pub-mag01,1,2164,245,0,0,out-of-order or writer restart (seq<last)
2026-05-10T17:49:35Z,intermediate-store,air_quality_raw,OUT_OF_ORDER,pub-mag01,1,2164,246,0,0,out-of-order or writer restart (seq<last)
2026-05-10T17:49:35Z,intermediate-store,air_quality_raw,OUT_OF_ORDER,pub-mag01,1,2164,247,0,0,out-of-order or writer restart (seq<last)
2026-05-10T17:49:35Z,intermediate-store,air_quality_raw,OUT_OF_ORDER,pub-mag01,1,2164,248,0,0,out-of-order or writer restart (seq<last)
2026-05-10T17:49:36Z,intermediate-store,air_quality_raw,OUT_OF_ORDER,pub-mag01,1,2164,249,0,0,out-of-order or writer restart (seq<last)
2026-05-10T17:49:36Z,intermediate-store,air_quality_raw,OUT_OF_ORDER,pub-mag01,1,2164,250,0,0,out-of-order or writer restart (seq<last)
2026-05-10T17:49:36Z,intermediate-store,air_quality_raw,OUT_OF_ORDER,pub-mag01,1,2164,251,0,0,out-of-order or writer restart (seq<last)
2026-05-10T17:49:36Z,intermediate-store,air_quality_raw,OUT_OF_ORDER,pub-mag01,1,2164,252,0,0,out-of-order or writer restart (seq<last)
2026-05-10T17:49:36Z,intermediate-store,air_quality_raw,OUT_OF_ORDER,pub-mag01,1,2164,253,0,0,out-of-order or writer restart (seq<last)
2026-05-10T17:49:36Z,intermediate-store,air_quality_raw,OUT_OF_ORDER,pub-mag01,1,2164,254,0,0,out-of-order or writer restart (seq<last)
2026-05-10T17:49:37Z,intermediate-store,air_quality_raw,OUT_OF_ORDER,pub-mag01,1,2164,255,0,0,out-of-order or writer restart (seq<last)
2026-05-10T17:49:37Z,intermediate-store,air_quality_raw,OUT_OF_ORDER,pub-mag01,1,2164,256,0,0,out-of-order or writer restart (seq<last)
2026-05-10T17:49:37Z,intermediate-store,air_quality_raw,OUT_OF_ORDER,pub-mag01,1,2164,257,0,0,out-of-order or writer restart (seq<last)
2026-05-10T17:49:37Z,intermediate-store,air_quality_raw,OUT_OF_ORDER,pub-mag01,1,2164,258,0,0,out-of-order or writer restart (seq<last)
2026-05-10T17:49:37Z,intermediate-store,air_quality_raw,OUT_OF_ORDER,pub-mag01,1,2164,259,0,0,out-of-order or writer restart (seq<last)
2026-05-10T17:49:38Z,intermediate-store,air_quality_raw,OUT_OF_ORDER,pub-mag01,1,2164,260,0,0,out-of-order or writer restart (seq<last)
2026-05-10T17:49:38Z,intermediate-store,air_quality_raw,OUT_OF_ORDER,pub-mag01,1,2164,261,0,0,out-of-order or writer restart (seq<last)
2026-05-10T17:49:38Z,intermediate-store,air_quality_raw,OUT_OF_ORDER,pub-mag01,1,2164,262,0,0,out-of-order or writer restart (seq<last)
2026-05-10T17:49:38Z,intermediate-store,air_quality_raw,OUT_OF_ORDER,pub-mag01,1,2164,263,0,0,out-of-order or writer restart (seq<last)
2026-05-10T17:49:38Z,intermediate-store,air_quality_raw,OUT_OF_ORDER,pub-mag01,1,2164,264,0,0,out-of-order or writer restart (seq<last)
2026-05-10T17:49:38Z,intermediate-store,air_quality_raw,OUT_OF_ORDER,pub-mag01,1,2164,265,0,0,out-of-order or writer restart (seq<last)
2026-05-10T17:49:39Z,intermediate-store,air_quality_raw,OUT_OF_ORDER,pub-mag01,1,2164,266,0,0,out-of-order or writer restart (seq<last)
2026-05-10T17:49:39Z,intermediate-store,air_quality_raw,OUT_OF_ORDER,pub-mag01,1,2164,267,0,0,out-of-order or writer restart (seq<last)
2026-05-10T17:49:39Z,intermediate-store,air_quality_raw,OUT_OF_ORDER,pub-mag01,1,2164,268,0,0,out-of-order or writer restart (seq<last)
2026-05-10T17:49:39Z,intermediate-store,air_quality_raw,OUT_OF_ORDER,pub-mag01,1,2164,269,0,0,out-of-order or writer restart (seq<last)
2026-05-10T17:49:39Z,intermediate-store,air_quality_raw,OUT_OF_ORDER,pub-mag01,1,2164,270,0,0,out-of-order or writer restart (seq<last)
2026-05-10T17:49:39Z,intermediate-store,air_quality_raw,OUT_OF_ORDER,pub-mag01,1,2164,271,0,0,out-of-order or writer restart (seq<last)
2026-05-10T17:49:40Z,intermediate-store,air_quality_raw,OUT_OF_ORDER,pub-mag01,1,2164,272,0,0,out-of-order or writer restart (seq<last)
2026-05-10T17:49:40Z,intermediate-store,air_quality_raw,OUT_OF_ORDER,pub-mag01,1,2164,273,0,0,out-of-order or writer restart (seq<last)
2026-05-10T17:49:40Z,intermediate-store,air_quality_raw,OUT_OF_ORDER,pub-mag01,1,2164,274,0,0,out-of-order or writer restart (seq<last)
2026-05-10T17:49:40Z,intermediate-store,air_quality_raw,OUT_OF_ORDER,pub-mag01,1,2164,275,0,0,out-of-order or writer restart (seq<last)
2026-05-10T17:49:40Z,intermediate-store,air_quality_raw,OUT_OF_ORDER,pub-mag01,1,2164,276,0,0,out-of-order or writer restart (seq<last)
2026-05-10T17:49:41Z,intermediate-store,air_quality_raw,OUT_OF_ORDER,pub-mag01,1,2164,277,0,0,out-of-order or writer restart (seq<last)
2026-05-10T17:49:41Z,intermediate-store,air_quality_raw,OUT_OF_ORDER,pub-mag01,1,2164,278,0,0,out-of-order or writer restart (seq<last)
2026-05-10T17:49:41Z,intermediate-store,air_quality_raw,OUT_OF_ORDER,pub-mag01,1,2164,279,0,0,out-of-order or writer restart (seq<last)
2026-05-10T17:49:41Z,intermediate-store,air_quality_raw,OUT_OF_ORDER,pub-mag01,1,2164,280,0,0,out-of-order or writer restart (seq<last)
2026-05-10T17:49:41Z,intermediate-store,air_quality_raw,OUT_OF_ORDER,pub-mag01,1,2164,281,0,0,out-of-order or writer restart (seq<last)
2026-05-10T17:49:42Z,intermediate-store,air_quality_raw,OUT_OF_ORDER,pub-mag01,1,2164,282,0,0,out-of-order or writer restart (seq<last)
2026-05-10T17:49:42Z,intermediate-store,air_quality_raw,OUT_OF_ORDER,pub-mag01,1,2164,283,0,0,out-of-order or writer restart (seq<last)
2026-05-10T17:49:42Z,intermediate-store,air_quality_raw,OUT_OF_ORDER,pub-mag01,1,2164,284,0,0,out-of-order or writer restart (seq<last)
2026-05-10T17:49:42Z,intermediate-store,air_quality_raw,OUT_OF_ORDER,pub-mag01,1,2164,285,0,0,out-of-order or writer restart (seq<last)
2026-05-10T17:49:42Z,intermediate-store,air_quality_raw,OUT_OF_ORDER,pub-mag01,1,2164,286,0,0,out-of-order or writer restart (seq<last)
2026-05-10T17:49:42Z,intermediate-store,air_quality_raw,OUT_OF_ORDER,pub-mag01,1,2164,287,0,0,out-of-order or writer restart (seq<last)
2026-05-10T17:49:43Z,intermediate-store,air_quality_raw,OUT_OF_ORDER,pub-mag01,1,2164,288,0,0,out-of-order or writer restart (seq<last)
2026-05-10T17:49:43Z,intermediate-store,air_quality_raw,OUT_OF_ORDER,pub-mag01,1,2164,289,0,0,out-of-order or writer restart (seq<last)
2026-05-10T17:49:43Z,intermediate-store,air_quality_raw,OUT_OF_ORDER,pub-mag01,1,2164,290,0,0,out-of-order or writer restart (seq<last)
2026-05-10T17:49:43Z,intermediate-store,air_quality_raw,OUT_OF_ORDER,pub-mag01,1,2164,291,0,0,out-of-order or writer restart (seq<last)
2026-05-10T17:49:43Z,intermediate-store,air_quality_raw,OUT_OF_ORDER,pub-mag01,1,2164,292,0,0,out-of-order or writer restart (seq<last)
2026-05-10T17:49:43Z,intermediate-store,air_quality_raw,OUT_OF_ORDER,pub-mag01,1,2164,293,0,0,out-of-order or writer restart (seq<last)
2026-05-10T17:49:44Z,intermediate-store,air_quality_raw,OUT_OF_ORDER,pub-mag01,1,2164,294,0,0,out-of-order or writer restart (seq<last)
2026-05-10T17:49:44Z,intermediate-store,air_quality_raw,OUT_OF_ORDER,pub-mag01,1,2164,295,0,0,out-of-order or writer restart (seq<last)
2026-05-10T17:49:44Z,intermediate-store,air_quality_raw,OUT_OF_ORDER,pub-mag01,1,2164,296,0,0,out-of-order or writer restart (seq<last)
2026-05-10T17:49:44Z,intermediate-store,air_quality_raw,OUT_OF_ORDER,pub-mag01,1,2164,297,0,0,out-of-order or writer restart (seq<last)
2026-05-10T17:49:44Z,intermediate-store,air_quality_raw,OUT_OF_ORDER,pub-mag01,1,2164,298,0,0,out-of-order or writer restart (seq<last)
2026-05-10T17:49:45Z,intermediate-store,air_quality_raw,OUT_OF_ORDER,pub-mag01,1,2164,299,0,0,out-of-order or writer restart (seq<last)
2026-05-10T17:49:45Z,intermediate-store,air_quality_raw,OUT_OF_ORDER,pub-mag01,1,2164,300,0,0,out-of-order or writer restart (seq<last)
2026-05-10T17:49:45Z,intermediate-store,air_quality_raw,OUT_OF_ORDER,pub-mag01,1,2164,301,0,0,out-of-order or writer restart (seq<last)
2026-05-10T17:49:45Z,intermediate-store,air_quality_raw,OUT_OF_ORDER,pub-mag01,1,2164,302,0,0,out-of-order or writer restart (seq<last)
2026-05-10T17:49:45Z,intermediate-store,air_quality_raw,OUT_OF_ORDER,pub-mag01,1,2164,303,0,0,out-of-order or writer restart (seq<last)
2026-05-10T17:49:45Z,intermediate-store,air_quality_raw,OUT_OF_ORDER,pub-mag01,1,2164,304,0,0,out-of-order or writer restart (seq<last)
2026-05-10T17:49:46Z,intermediate-store,air_quality_raw,OUT_OF_ORDER,pub-mag01,1,2164,305,0,0,out-of-order or writer restart (seq<last)
2026-05-10T17:49:46Z,intermediate-store,air_quality_raw,OUT_OF_ORDER,pub-mag01,1,2164,306,0,0,out-of-order or writer restart (seq<last)
2026-05-10T17:49:46Z,intermediate-store,air_quality_raw,OUT_OF_ORDER,pub-mag01,1,2164,307,0,0,out-of-order or writer restart (seq<last)
2026-05-10T17:49:46Z,intermediate-store,air_quality_raw,OUT_OF_ORDER,pub-mag01,1,2164,308,0,0,out-of-order or writer restart (seq<last)
2026-05-10T17:49:46Z,intermediate-store,air_quality_raw,OUT_OF_ORDER,pub-mag01,1,2164,309,0,0,out-of-order or writer restart (seq<last)
2026-05-10T17:49:46Z,intermediate-store,air_quality_raw,OUT_OF_ORDER,pub-mag01,1,2164,310,0,0,out-of-order or writer restart (seq<last)
2026-05-10T17:49:47Z,intermediate-store,air_quality_raw,OUT_OF_ORDER,pub-mag01,1,2164,311,0,0,out-of-order or writer restart (seq<last)
2026-05-10T17:49:47Z,intermediate-store,air_quality_raw,OUT_OF_ORDER,pub-mag01,1,2164,312,0,0,out-of-order or writer restart (seq<last)
2026-05-10T17:49:47Z,intermediate-store,air_quality_raw,OUT_OF_ORDER,pub-mag01,1,2164,313,0,0,out-of-order or writer restart (seq<last)
2026-05-10T17:49:47Z,intermediate-store,air_quality_raw,OUT_OF_ORDER,pub-mag01,1,2164,314,0,0,out-of-order or writer restart (seq<last)
2026-05-10T17:49:47Z,intermediate-store,air_quality_raw,OUT_OF_ORDER,pub-mag01,1,2164,315,0,0,out-of-order or writer restart (seq<last)
2026-05-10T17:49:48Z,intermediate-store,air_quality_raw,OUT_OF_ORDER,pub-mag01,1,2164,316,0,0,out-of-order or writer restart (seq<last)
2026-05-10T17:49:48Z,intermediate-store,air_quality_raw,OUT_OF_ORDER,pub-mag01,1,2164,317,0,0,out-of-order or writer restart (seq<last)
2026-05-10T17:49:48Z,intermediate-store,air_quality_raw,OUT_OF_ORDER,pub-mag01,1,2164,318,0,0,out-of-order or writer restart (seq<last)
2026-05-10T17:49:48Z,intermediate-store,air_quality_raw,OUT_OF_ORDER,pub-mag01,1,2164,319,0,0,out-of-order or writer restart (seq<last)
2026-05-10T17:49:48Z,intermediate-store,air_quality_raw,OUT_OF_ORDER,pub-mag01,1,2164,320,0,0,out-of-order or writer restart (seq<last)
2026-05-10T17:49:48Z,intermediate-store,air_quality_raw,OUT_OF_ORDER,pub-mag01,1,2164,321,0,0,out-of-order or writer restart (seq<last)
2026-05-10T17:49:49Z,intermediate-store,air_quality_raw,OUT_OF_ORDER,pub-mag01,1,2164,322,0,0,out-of-order or writer restart (seq<last)
2026-05-10T17:49:49Z,intermediate-store,air_quality_raw,OUT_OF_ORDER,pub-mag01,1,2164,323,0,0,out-of-order or writer restart (seq<last)
2026-05-10T17:49:49Z,intermediate-store,air_quality_raw,OUT_OF_ORDER,pub-mag01,1,2164,324,0,0,out-of-order or writer restart (seq<last)
2026-05-10T17:49:49Z,intermediate-store,air_quality_raw,OUT_OF_ORDER,pub-mag01,1,2164,325,0,0,out-of-order or writer restart (seq<last)
